source_id,journey,title,document_number,source_type,source_level,issuing_authority,publisher,canonical_url,published_at,effective_from,effective_to,verification_status,last_verified_at,notes,legal_status,supersedes,superseded_by,archive_status
SRC_JOB_LAW_001,JOB_LOSS,Luật Việc làm,74/2025/QH15,LEGAL_DOCUMENT,A0,Quốc hội,Cổng Văn bản Chính phủ,https://vanban.chinhphu.vn/?docid=214560&pageid=27160,2025-06-16,2026-01-01,,VERIFIED_PRIMARY,2026-10-04,Nguồn pháp lý gốc cho việc làm và BHTN,ACTIVE,,,SIGNED_PDF_AVAILABLE
SRC_JOB_DEC_001,JOB_LOSS,Nghị định quy định chi tiết BHTN,374/2025/NĐ-CP,LEGAL_DOCUMENT,A0,Chính phủ,Cổng Văn bản Chính phủ,https://vanban.chinhphu.vn/?docid=216493&pageid=27160&typegroupid=4,2025-12-31,2026-01-01,,VERIFIED_PRIMARY,2026-10-04,Nguồn chi tiết BHTN,ACTIVE,,,SIGNED_PDF_AVAILABLE
SRC_JOB_PROC_001,JOB_LOSS,Hưởng trợ cấp thất nghiệp,1.014748,PROCEDURE,A1,Cơ quan có thẩm quyền về việc làm,Cổng DVC Quốc gia,https://dichvucong.gov.vn/p/home/dvc-chi-tiet-thu-tuc-dung-chung.html?ma_thu_tuc=1.014748,2026,,,VERIFIED_OFFICIAL,2026-10-04,Tra lại deep-link trước khi phát hành,CURRENT_SERVICE,,,LINK_ONLY
SRC_JOB_PROC_002,JOB_LOSS,Thông báo hằng tháng về việc tìm kiếm việc làm,1.014749,PROCEDURE,A1,Cơ quan có thẩm quyền về việc làm,Cổng DVC Quốc gia,https://vpcp.dichvucong.gov.vn/p/home/dvc-chi-tiet-thu-tuc-hanh-chinh.html?ma_thu_tuc=1.014749,2026,,,VERIFIED_OFFICIAL,2026-10-04,Tra lại deep-link trước khi phát hành,CURRENT_SERVICE,,,LINK_ONLY
SRC_JOB_PROC_003,JOB_LOSS,Tạm dừng hưởng trợ cấp thất nghiệp,1.014750,PROCEDURE,A1,Cơ quan có thẩm quyền về việc làm,Cổng DVC Quốc gia,https://dichvucong.gov.vn/,2026,,,VERIFIED_OFFICIAL,2026-10-04,,CURRENT_SERVICE,,,LINK_ONLY
SRC_JOB_PROC_004,JOB_LOSS,Tiếp tục hưởng trợ cấp thất nghiệp,1.014751,PROCEDURE,A1,Cơ quan có thẩm quyền về việc làm,Cổng DVC Quốc gia,https://vpcp.dichvucong.gov.vn/p/home/dvc-tthc-thu-tuc-hanh-chinh-chi-tiet.html?ma_thu_tuc=425016&open_popup=1,2026,,,VERIFIED_OFFICIAL,2026-10-04,,CURRENT_SERVICE,,,LINK_ONLY
SRC_JOB_PROC_005,JOB_LOSS,Chuyển nơi hưởng trợ cấp thất nghiệp,1.014753,PROCEDURE,A1,Cơ quan có thẩm quyền về việc làm,Cổng DVC Quốc gia,https://dichvucong.gov.vn/p/home/dvc-chi-tiet-thu-tuc-hanh-chinh.html?ma_thu_tuc=1.014753,2026,,,VERIFIED_OFFICIAL,2026-10-04,,CURRENT_SERVICE,,,LINK_ONLY
SRC_JOB_DN_001,JOB_LOSS,Trung tâm Dịch vụ việc làm thành phố Đà Nẵng,,SERVICE_PROVIDER,A1,Sở Nội vụ TP Đà Nẵng,Cổng TTĐT Đà Nẵng,https://cttdt.danangportal.gov.vn/vi/web/dng/w/so-xay-dung,,,,VERIFIED_OFFICIAL,2026-10-04,"Địa chỉ 278 Âu Cơ, phường Liên Chiểu; cần giữ link trang đơn vị khi refresh",CURRENT_SERVICE,,,LINK_ONLY
SRC_JOB_DN_002,JOB_LOSS,Phiên giao dịch việc làm định kỳ,,PROGRAM,A1,Trung tâm DVVL Đà Nẵng,Cổng TTĐT Đà Nẵng,https://cttdt.danangportal.gov.vn/vi/web/dng/w/thong-bao-phien-giao-dich-viec-lam-hang-tuan-cua-trung-tam-dich-vu-viec-lam-da-nang-p,,,,VERIFIED_OFFICIAL,2026-10-04,"Dữ liệu động, cần refresh",CURRENT_PROGRAM,,,LINK_ONLY
SRC_JOB_NAT_001,JOB_LOSS,Sàn giao dịch việc làm quốc gia,,DIGITAL_SERVICE,A1,Bộ Nội vụ,Sàn giao dịch việc làm quốc gia,https://vieclam.gov.vn/,,,,VERIFIED_OFFICIAL,2026-10-04,Kênh việc làm chính thức,CURRENT_SERVICE,,,LINK_ONLY
SRC_HOUSE_LAW_001,HOUSING_DIFFICULTY,Luật Nhà ở,27/2023/QH15,LEGAL_DOCUMENT,A0,Quốc hội,Cổng Văn bản Chính phủ,https://vanban.chinhphu.vn/,,,,VERIFIED_PRIMARY,2026-10-04,Luật gốc; cần lưu bản PDF ký trong archive,ACTIVE,,,SIGNED_PDF_AVAILABLE
SRC_HOUSE_DEC_001,HOUSING_DIFFICULTY,Nghị định về phát triển và quản lý nhà ở xã hội,100/2024/NĐ-CP,LEGAL_DOCUMENT,A0,Chính phủ,Cổng Văn bản Chính phủ,https://vanban.chinhphu.vn/,,,,VERIFIED_PRIMARY,2026-10-04,Cần đọc cùng các nghị định sửa đổi,ACTIVE,,,SIGNED_PDF_AVAILABLE
SRC_HOUSE_DEC_002,HOUSING_DIFFICULTY,Nghị định sửa đổi quy định nhà ở xã hội,261/2025/NĐ-CP,LEGAL_UPDATE,A0,Chính phủ,Cổng Văn bản Chính phủ,https://vanban.chinhphu.vn/,,,,VERIFIED_PRIMARY,2026-10-04,Legal chain,ACTIVE,,,SIGNED_PDF_AVAILABLE
SRC_HOUSE_DEC_003,HOUSING_DIFFICULTY,Nghị định sửa đổi quy định liên quan nhà ở xã hội,54/2026/NĐ-CP,LEGAL_UPDATE,A0,Chính phủ,Cổng Văn bản Chính phủ,https://vanban.chinhphu.vn/,,,,VERIFIED_PRIMARY,2026-10-04,Legal chain,ACTIVE,,,SIGNED_PDF_AVAILABLE
SRC_HOUSE_DEC_004,HOUSING_DIFFICULTY,Nghị định sửa đổi quy định liên quan nhà ở xã hội,136/2026/NĐ-CP,LEGAL_UPDATE,A0,Chính phủ,Cổng Văn bản Chính phủ,https://vanban.chinhphu.vn/,,,,VERIFIED_PRIMARY,2026-10-04,Ưu tiên kiểm tra văn bản mới nhất trước khi encode rule,ACTIVE,,,SIGNED_PDF_AVAILABLE
SRC_HOUSE_DN_001,HOUSING_DIFFICULTY,"Khảo sát nhu cầu thuê, mua nhà ở xã hội và nhà lưu trú công nhân 2026",,LOCAL_PROGRAM,A2,Sở Xây dựng/UBND TP Đà Nẵng,Cổng TTĐT Đà Nẵng,https://danang.gov.vn/vi/web/dng/w/tu-ngay-01-6-den-30-6-khao-sat-nhu-cau-thue-mua-nha-o-xa-hoi,2026-06-01,2026-06-01,2026-06-30,VERIFIED_OFFICIAL,2026-10-04,Đã đóng; giữ để chứng minh nhu cầu và pattern dữ liệu động,CLOSED_PROGRAM,,,LINK_ONLY
SRC_HOUSE_OPP_001,HOUSING_DIFFICULTY,"Đợt tiếp nhận mua NOXH B4-1, B4-2 Hòa Hiệp 4",,OPPORTUNITY,A2,Sở Xây dựng TP Đà Nẵng,Hệ thống Cổng TTĐT Đà Nẵng,https://hoacuong.danang.gov.vn/vi/web/p-hoa-cuong/w/cong-bo-cong-khai-thong-tin-tiep-nhan-ho-so-dang-ky-mua-nha-o-xa-hoi-tai-khu-dat-b4-1-b4-2-thuoc-khu-tai-dinh-cu-hoa-hiep-4,2026,2026-10-25,2026-11-30,VERIFIED_OFFICIAL,2026-10-04,"277 căn; source page là official mirror, issuer là Sở Xây dựng",CURRENT_SCHEDULED,,,LINK_ONLY
SRC_CHILD_LAW_001,HAS_CHILD,Luật Bảo hiểm xã hội,41/2024/QH15,LEGAL_DOCUMENT,A0,Quốc hội,Cổng Văn bản Chính phủ,https://vanban.chinhphu.vn/?classid=1&docid=211199&orggroupid=1&pageid=27160,2024,,,VERIFIED_PRIMARY,2026-10-04,Nguồn pháp lý gốc cho chế độ BHXH/thai sản,ACTIVE,,,SIGNED_PDF_AVAILABLE
SRC_CHILD_DEC_001,HAS_CHILD,Nghị định về chính sách phát triển giáo dục mầm non,105/2020/NĐ-CP,LEGAL_DOCUMENT,A0,Chính phủ,Cổng Văn bản Chính phủ,https://vanban.chinhphu.vn/?docid=200971&pageid=27160,2020,,,VERIFIED_PRIMARY,2026-10-04,Nguồn nền cho hỗ trợ mầm non,ACTIVE,,,SIGNED_PDF_AVAILABLE
SRC_CHILD_DEC_002,HAS_CHILD,Nghị định quy định chi tiết Bộ luật Lao động,145/2020/NĐ-CP,LEGAL_DOCUMENT,A0,Chính phủ,Cổng Văn bản Chính phủ,https://vanban.chinhphu.vn/,2020,,,VERIFIED_PRIMARY,2026-10-04,CSDL VBPL ghi NĐ145/2020/NĐ-CP hết hiệu lực một phần; Điều 81 dùng cho MVP cần tiếp tục theo dõi sửa đổi. Dự thảo sửa NĐ145 tháng 7/2026 không dùng làm rule khi chưa ban hành.,PARTIALLY_ACTIVE,,,SIGNED_PDF_AVAILABLE
SRC_CHILD_PROC_001,HAS_CHILD,Giải quyết chế độ thai sản đối với lao động nữ sinh con,1.014166,PROCEDURE,A1,BHXH Việt Nam,Cổng DVCQG/BHXH,https://thutuc.dichvucong.gov.vn/p/home/dvc-tthc-thu-tuc-hanh-chinh-chi-tiet.html?ma_thu_tuc=410614,,,,VERIFIED_OFFICIAL,2026-10-04,Tra lại deep-link trước khi phát hành,CURRENT_SERVICE,,,LINK_ONLY
SRC_CHILD_PROC_002,HAS_CHILD,Giải quyết chế độ thai sản đối với lao động nam khi vợ sinh con,1.014168,PROCEDURE,A1,BHXH Việt Nam,Cổng DVCQG/BHXH,https://dichvucong.gov.vn/p/home/dvc-tthc-thu-tuc-hanh-chinh-chi-tiet.html?ma_thu_tuc=410633&open_popup=1,,,,VERIFIED_OFFICIAL,2026-10-04,Tra lại deep-link trước khi phát hành,CURRENT_SERVICE,,,LINK_ONLY
SRC_CHILD_PROC_003,HAS_CHILD,Liên thông khai sinh - thường trú - BHYT trẻ dưới 6 tuổi,2.002621,LINKED_PROCEDURE,A1,Cơ quan hộ tịch/Công an/BHXH,Cổng DVC Quốc gia,https://dichvucong.gov.vn/p/home/dvc-chi-tiet-thu-tuc-nganh-doc.html?ma_thu_tuc=2.002621,,,,VERIFIED_OFFICIAL,2026-10-04,Dịch vụ liên thông,CURRENT_SERVICE,,,LINK_ONLY
SRC_CHILD_DN_001,HAS_CHILD,Nghị quyết chính sách phát triển GDMN tại địa bàn có KCN/nhiều lao động,43/2026/NQ-HĐND,LOCAL_LEGAL,A0,HĐND TP Đà Nẵng,Cổng/HĐND TP Đà Nẵng,https://danang.gov.vn/,2026-05-29,2026-06-10,,VERIFIED_OFFICIAL,2026-10-04,Cần archive bản ký gốc để nâng lên VERIFIED_PRIMARY,ACTIVE,,,NEED_SIGNED_PDF_ARCHIVE
SRC_CHILD_DN_002,HAS_CHILD,Quyết định triển khai Nghị quyết 43/2026/NQ-HĐND,2850/QĐ-UBND,LOCAL_IMPLEMENTATION,A0/A1,UBND TP Đà Nẵng,Cổng văn bản chỉ đạo điều hành Đà Nẵng,https://cttdt.danangportal.gov.vn/en/web/dng/van-ban-chi-dao-dieu-hanh?_VBDH_WAR_sdtvanbanportlet_action=themMoi&_VBDH_WAR_sdtvanbanportlet_view=details&id=16020&p_p_id=VBDH_WAR_sdtvanbanportlet&p_p_lifecycle=0&p_p_mode=view&p_p_state=normal,2026-06-30,,,VERIFIED_PRIMARY,2026-10-04,Có file ký trên hệ thống thành phố,ACTIVE,,,SIGNED_FILE_AVAILABLE
SRC_GEN_001,ALL,Cổng Thông tin An sinh xã hội,,CATALOG,A2,Bộ Nội vụ - Trung tâm CNTT,Cổng Thông tin ASXH,https://asxh.moha.gov.vn/web/home/,,,,VERIFIED_OFFICIAL,2026-10-04,"Dùng discovery/catalog, không thay nguồn luật",CURRENT_SERVICE,,,LINK_ONLY
SRC_GEN_002,ALL,MyPortal Đà Nẵng,,DIGITAL_PLATFORM,A2,UBND TP Đà Nẵng,MyPortal Đà Nẵng,https://myportal.danang.gov.vn/,,,,VERIFIED_OFFICIAL,2026-10-04,Nguồn dịch vụ/tiện ích địa phương,CURRENT_SERVICE,,,LINK_ONLY
SRC_GEN_003,ALL,Tổng đài 1022 Đà Nẵng,,HUMAN_DIGITAL_SUPPORT,A2,TP Đà Nẵng,Hệ thống 1022 Đà Nẵng,https://1022.vn/,,,,VERIFIED_OFFICIAL,2026-10-04,Fallback khi chưa xác định được cơ quan,CURRENT_SERVICE,,,LINK_ONLY
SRC_GEN_004,ALL,Điểm dừng chân công nhân - Đồng hành cùng người lao động,,PHYSICAL_SUPPORT,A2,Công đoàn phường Liên Chiểu/LĐLĐ TP Đà Nẵng,Công đoàn Đà Nẵng,https://congdoandanang.org.vn/chi-tiet/hieu-qua-buoc-dau-tu-mo-hinh-diem-dung-chan-cong-nhan--dong-hanh-cung-nguoi-lao-dong-o-phuong-lien-chieu-15258,,,,VERIFIED_OFFICIAL,2026-10-04,"Tư vấn pháp luật, BHXH/BHYT, việc làm; QR hỗ trợ",CURRENT_SERVICE,,,LINK_ONLY
SRC_GEN_005,ALL,Tổ công nhân tự quản khu nhà trọ,,COMMUNITY_SUPPORT,A2,Công đoàn phường Liên Chiểu,Công đoàn Đà Nẵng,https://site.congdoandanang.org.vn/chi-tiet/cong-doan-phuong-lien-chieu-thanh-lap-to-cong-nhan-tu-quan-khu-nha-tro-14998,2026-06,,,VERIFIED_OFFICIAL,2026-10-04,Tổ số 32 được công bố năm 2026,CURRENT_SERVICE,,,LINK_ONLY
SRC_JOB_PROC_006,JOB_LOSS,"Hỗ trợ tư vấn, giới thiệu việc làm",1.014746,PROCEDURE,A1,Bộ Nội vụ / tổ chức DVVL công,Cổng DVCQG / Bộ Nội vụ,https://dichvucong.gov.vn/,2026-01-22,,,VERIFIED_OFFICIAL,2026-10-04,TTHC công bố theo Quyết định 107/QĐ-BNV; dùng cho tư vấn/giới thiệu việc làm,CURRENT_SERVICE,,,LINK_ONLY
SRC_JOB_PROC_007,JOB_LOSS,"Hỗ trợ người lao động tham gia đào tạo, nâng cao trình độ kỹ năng nghề",1.014747,PROCEDURE,A1,Bộ Nội vụ / tổ chức DVVL công,Cổng DVCQG / Bộ Nội vụ,https://dichvucong.gov.vn/,2026-01-22,,,VERIFIED_OFFICIAL,2026-10-04,TTHC công bố theo Quyết định 107/QĐ-BNV; 15 ngày làm việc theo công bố thủ tục,CURRENT_SERVICE,,,LINK_ONLY
SRC_HOUSE_VBHN_001,HOUSING_DIFFICULTY,Văn bản hợp nhất quy định chi tiết một số điều của Luật Nhà ở về phát triển và quản lý nhà ở xã hội,24/VBHN-BXD,CONSOLIDATED_LEGAL,A0,Bộ Xây dựng,Cổng Văn bản Chính phủ,https://vanban.chinhphu.vn/?classid=0&docid=218177&pageid=27160,2026-05-18,,,VERIFIED_PRIMARY,2026-10-04,"Nguồn hợp nhất ưu tiên để đọc quy định hiện hành sau các sửa đổi NĐ100/2024, NĐ261/2025, NĐ54/2026, NĐ136/2026",ACTIVE,,,SIGNED_PDF_AVAILABLE
SRC_HOUSE_DN_RULE_001,HOUSING_DIFFICULTY,"Quy định đối tượng, điều kiện được thuê, mua, thuê mua nhà ở xã hội trên địa bàn TP Đà Nẵng",47/2024/QĐ-UBND,LOCAL_LEGAL,A0,UBND TP Đà Nẵng,CSDL quốc gia về VBPL,https://vbpl.vn/TW/Pages/vbpq-toanvan.aspx?ItemID=170671,2024-10-15,2024-10-25,2026-07-20,VERIFIED_PRIMARY,2026-10-04,Historical: QĐ47/2024/QĐ-UBND đã được QĐ111/2026/QĐ-UBND thay thế từ 21/7/2026; không dùng cho rule hiện hành.,SUPERSEDED,,SRC_HOUSE_DN_RULE_002,SIGNED_PDF_AVAILABLE
SRC_HOUSE_DN_RULE_002,HOUSING_DIFFICULTY,Quy định một số nội dung về thực hiện chính sách nhà ở xã hội trên địa bàn TP Đà Nẵng,111/2026/QĐ-UBND,LOCAL_LEGAL,A0,UBND TP Đà Nẵng,Cổng văn bản chỉ đạo điều hành Đà Nẵng,https://cttdt.danangportal.gov.vn/en/web/dng/van-ban-chi-dao-dieu-hanh?_VBDH_WAR_sdtvanbanportlet_action=themMoi&_VBDH_WAR_sdtvanbanportlet_view=details&id=16111&p_p_id=VBDH_WAR_sdtvanbanportlet&p_p_lifecycle=0&p_p_mode=view&p_p_state=normal,2026-07-11,2026-07-21,,VERIFIED_PRIMARY,2026-10-04,Thay thế QĐ47/2024/QĐ-UBND của Đà Nẵng trước sắp xếp và QĐ46/2024/QĐ-UBND của Quảng Nam trước sắp xếp,ACTIVE,SRC_HOUSE_DN_RULE_001,,SIGNED_FILE_AVAILABLE
SRC_CHILD_DEC_003,HAS_CHILD,"Nghị định sửa đổi các quy định liên quan nộp/xuất trình sổ hộ khẩu, sổ tạm trú giấy",104/2022/NĐ-CP,LEGAL_UPDATE,A0,Chính phủ,Cổng Văn bản Chính phủ,https://vanban.chinhphu.vn/?classid=1&docid=207048&orggroupid=2&pageid=27160,2022-12-21,2023-01-01,,VERIFIED_PRIMARY,2026-10-04,"Sửa điểm b khoản 3 Điều 8 NĐ105: hồ sơ trẻ em dùng Giấy khai sinh, không dùng sổ hộ khẩu giấy",ACTIVE,,,SIGNED_PDF_AVAILABLE
SRC_HOUSE_OPP_002,HOUSING_DIFFICULTY,"Đợt mua NOXH Hòa Hiệp 4 - 787 căn, 21/5-21/6/2026",6300/TB-SXD,OPPORTUNITY,A2,Sở Xây dựng TP Đà Nẵng,Cổng TTĐT Đà Nẵng,https://cttdt.danangportal.gov.vn/vi/web/dng/w/thong-bao-tiep-nhan-ho-so-dang-ky-mua-nha-o-xa-hoi-tai-du-an-khu-dat-b4-1-b4-2-thuoc-khu-tai-dinh-cu-hoa-hiep-4,2026-04-21,2026-05-21,2026-06-21,VERIFIED_OFFICIAL,2026-10-04,Đợt lịch sử; công nhân/người lao động là một trong các nhóm đối tượng,CLOSED_OPPORTUNITY,,,LINK_ONLY
SRC_HOUSE_OPP_003,HOUSING_DIFFICULTY,Đợt mua NOXH Đại Địa Bảo - 237 căn,5080/TB-SXD; điều chỉnh 6033/TB-SXD,OPPORTUNITY,A2,Sở Xây dựng TP Đà Nẵng,Cổng TTĐT Đà Nẵng,https://cttdt.danangportal.gov.vn/vi/web/dng/w/cong-khai-thong-tin-tiep-nhan-ho-so-dang-ky-mua-nha-o-xa-hoi-tai-du-an-chung-cu-cho-nguoi-thu-nhap-thap-tai-khu-tai-dinh-cu-dai-dia-bao,2026-04-04,2026-05-05,2026-06-05,VERIFIED_OFFICIAL,2026-10-04,Có thông báo điều chỉnh điều kiện thu nhập/mẫu hồ sơ sau NĐ136,CLOSED_OPPORTUNITY,,,LINK_ONLY
SRC_HOUSE_OPP_004,HOUSING_DIFFICULTY,Đợt mua NOXH Khu B Nam cầu Cẩm Lệ - 849 căn,,OPPORTUNITY,A2,Sở Xây dựng TP Đà Nẵng,Cổng TTĐT Đà Nẵng,https://cttdt.danangportal.gov.vn/vi/web/dng/w/cong-khai-thong-tin-tiep-nhan-ho-so-dang-ky-mua-nha-o-xa-hoi-tai-khu-dat-chung-cu-so-5-thuoc-khu-b-khu-dan-cu-nam-cau-cam-le,2026-03,2026-04-16,2026-05-16,VERIFIED_OFFICIAL,2026-10-04,Đợt lịch sử,CLOSED_OPPORTUNITY,,,LINK_ONLY
SRC_HOUSE_OPP_005,HOUSING_DIFFICULTY,Đợt thuê NOXH Vũ Mộng Nguyên 03/9-30/9/2026,,OPPORTUNITY,A2,Sở Xây dựng TP Đà Nẵng,Cổng TTĐT Đà Nẵng,https://cttdt.danangportal.gov.vn/vi/web/dng/w/thong-bao-tiep-nhan-ho-so-dang-ky-thue-nha-o-xa-hoi-tai-chung-cu-xa-hoi-cho-nguoi-co-cong-voi-cach-mang-tai-duong-vu-mong-nguyen,2026-09,2026-09-03,2026-09-30,VERIFIED_OFFICIAL,2026-10-04,Đợt thuê mục tiêu người có công; không recommend cho worker thông thường,CLOSED_OPPORTUNITY,,,LINK_ONLY
