policy_id,policy_name,journey,category,target_group,summary,legal_source_id,effective_from,effective_to,status,last_verified
POL_JOB_001,Trợ cấp thất nghiệp,JOB_LOSS,UNEMPLOYMENT_INSURANCE,Người lao động thuộc phạm vi BHTN,"Đối chiếu điều kiện Điều 38 Luật Việc làm 74/2025/QH15: chấm dứt việc làm hợp pháp, thời gian đóng BHTN, thời hạn nộp hồ sơ và trạng thái loại trừ.",SRC_JOB_LAW_001,2026-01-01,,ACTIVE,2026-10-04
POL_JOB_002,Duy trì/tiếp tục hưởng trợ cấp thất nghiệp,JOB_LOSS,UNEMPLOYMENT_INSURANCE,Người đang hưởng TCTN,"Điều hướng thông báo tìm kiếm việc làm, tạm dừng, tiếp tục và chuyển nơi hưởng TCTN theo thủ tục hiện hành.",SRC_JOB_DEC_001,2026-01-01,,ACTIVE,2026-10-04
POL_JOB_003,"Tư vấn, giới thiệu việc làm",JOB_LOSS,EMPLOYMENT,Người lao động chấm dứt việc làm và có nhu cầu tìm việc,"Quyền được tư vấn, giới thiệu việc làm theo Điều 36 Luật Việc làm; kết nối dịch vụ việc làm chính thức.",SRC_JOB_LAW_001,2026-01-01,,ACTIVE,2026-10-04
POL_JOB_004,"Hỗ trợ đào tạo, nâng cao trình độ kỹ năng nghề",JOB_LOSS,TRAINING,Người lao động đáp ứng Điều 37 Luật Việc làm,Kiểm tra hai nhánh: đang hưởng TCTN hoặc nhóm khác đáp ứng điều kiện Điều 37; thời gian hỗ trợ tối đa 6 tháng.,SRC_JOB_LAW_001,2026-01-01,,ACTIVE,2026-10-04
POL_HOUSE_001,Nhà ở xã hội - mua,HOUSING_DIFFICULTY,SOCIAL_HOUSING,Công nhân/người lao động thuộc khoản 6 Điều 76 Luật Nhà ở và nhóm đủ điều kiện,"Kiểm tra đối tượng, điều kiện nhà ở và thu nhập theo quy định hiện hành đã hợp nhất tại 24/VBHN-BXD.",SRC_HOUSE_VBHN_001,,,ACTIVE,2026-10-04
POL_HOUSE_002,Nhà ở xã hội - thuê,HOUSING_DIFFICULTY,SOCIAL_HOUSING,Đối tượng được thuê NOXH theo Luật Nhà ở,"Đối với thuê NOXH, Luật Nhà ở quy định các nhóm tại Điều 78 khoản 2 không phải đáp ứng điều kiện nhà ở và thu nhập như mua/thuê mua.",SRC_HOUSE_LAW_001,,,ACTIVE,2026-10-04
POL_HOUSE_003,Nhà lưu trú công nhân,HOUSING_DIFFICULTY,WORKER_HOUSING,Công nhân/người lao động có nhu cầu lưu trú,Điều hướng nhà lưu trú công nhân khi có chương trình/đợt tiếp nhận chính thức.,SRC_HOUSE_DN_001,,,ACTIVE,2026-10-04
POL_CHILD_001,Chế độ thai sản - lao động nữ sinh con,HAS_CHILD,MATERNITY,Lao động nữ sinh con đáp ứng Điều 50 Luật BHXH,Nhánh thông thường: đóng BHXH bắt buộc từ đủ 6 tháng trong 12 tháng liền kề trước sinh; có các nhánh đặc biệt theo khoản 3 và khoản 5 Điều 50.,SRC_CHILD_LAW_001,2025-07-01,,ACTIVE,2026-10-04
POL_CHILD_002,Chế độ thai sản - lao động nam khi vợ sinh con,HAS_CHILD,MATERNITY,Lao động nam đang tham gia BHXH bắt buộc có vợ sinh con,Điều kiện cốt lõi tại Điều 50 khoản 1 điểm g; số ngày nghỉ theo Điều 53.,SRC_CHILD_LAW_001,2025-07-01,,ACTIVE,2026-10-04
POL_CHILD_003,Liên thông thủ tục trẻ dưới 6 tuổi,HAS_CHILD,NEWBORN_ADMIN,Gia đình có trẻ mới sinh/dưới 6 tuổi,"Điều hướng thủ tục liên thông khai sinh, đăng ký thường trú và cấp thẻ BHYT cho trẻ dưới 6 tuổi.",SRC_CHILD_PROC_003,,,ACTIVE,2026-10-04
POL_CHILD_004,Hỗ trợ trẻ mầm non là con công nhân/người lao động,HAS_CHILD,PRESCHOOL_SUPPORT,Trẻ học cơ sở mầm non dân lập/tư thục đủ điều kiện; cha/mẹ/người chăm sóc là người lao động thuộc phạm vi chính sách,"Điều kiện nền tại Điều 8 NĐ105/2020; mở rộng nơi có nhiều lao động theo Điều 81 NĐ145/2020; Đà Nẵng áp dụng mức 200.000đ/trẻ/tháng, tối đa 9 tháng/năm học theo NQ43/2026.",SRC_CHILD_DN_001,2026-06-10,,ACTIVE,2026-10-04
POL_GEN_001,Hỗ trợ tư vấn trực tiếp cho công nhân,ALL,HUMAN_SUPPORT,Người lao động cần trợ giúp trực tiếp,"Fallback sang Công đoàn/Tổ tự quản/1022 khi case phức tạp, thiếu dữ liệu hoặc cần người hỗ trợ thao tác.",SRC_GEN_004,,,ACTIVE,2026-10-04
