rule_id,policy_id,rule_group,logic_connector,field,operator,value,required,match_reason,missing_reason,source_id,source_article,verification_status,notes
PR_JOB_001,POL_JOB_001,TCTN_BASE,AND,life_event,EQ,JOB_LOSS,True,Bạn vừa chấm dứt việc làm,,SRC_JOB_LAW_001,Điều 38,VERIFIED_STRUCTURE,Entry event
PR_JOB_002,POL_JOB_001,TCTN_BASE,AND,termination_legal,EQ,true,True,Việc chấm dứt hợp đồng/việc làm thuộc trường hợp hợp pháp,Cần biết lý do/cách chấm dứt việc làm,SRC_JOB_LAW_001,Điều 38 khoản 1 điểm a,VERIFIED_RULE,Loại trừ đơn phương trái pháp luật
PR_JOB_003,POL_JOB_001,TCTN_BASE,AND,eligible_for_pension_at_termination,EQ,false,True,Chưa thuộc trường hợp hưởng lương hưu tại thời điểm chấm dứt,Cần kiểm tra trạng thái hưởng lương hưu,SRC_JOB_LAW_001,Điều 38 khoản 1 điểm a,VERIFIED_RULE,
PR_JOB_004,POL_JOB_001,TCTN_CONTRIBUTION_GENERAL,AND,short_contract_1_to_lt12,EQ,false,True,Hợp đồng không thuộc nhóm từ đủ 1 đến dưới 12 tháng,Cần xác định loại/thời hạn hợp đồng,SRC_JOB_LAW_001,Điều 38 khoản 1 điểm b,VERIFIED_RULE,Nhóm này OR nhóm TCTN_CONTRIBUTION_SHORT
PR_JOB_005,POL_JOB_001,TCTN_CONTRIBUTION_GENERAL,AND,bhtn_months_last_24,GTE,12,True,Đã đóng BHTN đủ ngưỡng trong 24 tháng,Cần số tháng đóng BHTN trong 24 tháng trước chấm dứt,SRC_JOB_LAW_001,Điều 38 khoản 1 điểm b,VERIFIED_RULE,
PR_JOB_006,POL_JOB_001,TCTN_CONTRIBUTION_SHORT,AND,short_contract_1_to_lt12,EQ,true,True,Hợp đồng từ đủ 1 đến dưới 12 tháng,,SRC_JOB_LAW_001,Điều 38 khoản 1 điểm b,VERIFIED_RULE,Nhóm này OR nhóm TCTN_CONTRIBUTION_GENERAL
PR_JOB_007,POL_JOB_001,TCTN_CONTRIBUTION_SHORT,AND,bhtn_months_last_36,GTE,12,True,Đã đóng BHTN đủ ngưỡng trong 36 tháng,Cần số tháng đóng BHTN trong 36 tháng trước chấm dứt,SRC_JOB_LAW_001,Điều 38 khoản 1 điểm b,VERIFIED_RULE,
PR_JOB_008,POL_JOB_001,TCTN_BASE,AND,months_since_termination,LTE,3,True,Hồ sơ còn trong thời hạn nộp,Cần ngày chấm dứt việc làm để tính thời hạn 3 tháng,SRC_JOB_LAW_001,Điều 38 khoản 1 điểm c,VERIFIED_RULE,
PR_JOB_009,POL_JOB_001,TCTN_BASE,AND,disqualifying_status_within_10_working_days,EQ,false,True,Không rơi vào trạng thái loại trừ trong thời gian luật định,"Cần kiểm tra việc làm mới/BHXH bắt buộc, nghĩa vụ quân sự, học dài hạn, cơ sở bắt buộc, tạm giam/phạt tù, ra nước ngoài định cư hoặc tử vong",SRC_JOB_LAW_001,Điều 38 khoản 1 điểm d,VERIFIED_RULE,Tóm gọn danh sách loại trừ thành enum
PR_JOB_010,POL_JOB_003,JOB_COUNSEL,AND,wants_job,EQ,true,True,Bạn có nhu cầu tìm việc,Cần biết bạn có muốn tìm việc mới không,SRC_JOB_LAW_001,Điều 36 khoản 1,VERIFIED_RULE,Policy matching; service công có thể vẫn tư vấn rộng hơn
PR_JOB_011,POL_JOB_004,TRAINING_TCTN,AND,is_receiving_unemployment_benefit,EQ,true,True,Bạn đang hưởng TCTN nên thuộc nhánh kiểm tra hỗ trợ đào tạo,,SRC_JOB_LAW_001,Điều 37 khoản 1,VERIFIED_RULE,Nhánh này OR TRAINING_OTHER
PR_JOB_012,POL_JOB_004,TRAINING_OTHER,AND,termination_legal,EQ,true,True,Đáp ứng điều kiện chấm dứt việc làm theo điểm a khoản 1 Điều 38,Cần biết lý do chấm dứt,SRC_JOB_LAW_001,Điều 37 khoản 2 điểm a; Điều 38 khoản 1 điểm a,VERIFIED_RULE,
PR_JOB_013,POL_JOB_004,TRAINING_OTHER,AND,months_since_termination,LTE,12,True,Còn trong 12 tháng để nộp đề nghị hỗ trợ đào tạo,Cần ngày chấm dứt việc làm,SRC_JOB_LAW_001,Điều 37 khoản 2 điểm b,VERIFIED_RULE,
PR_JOB_014,POL_JOB_004,TRAINING_OTHER,AND,disqualifying_status_within_10_working_days,EQ,false,True,Không thuộc trạng thái loại trừ sau khi nộp hồ sơ,Cần kiểm tra trạng thái hiện tại,SRC_JOB_LAW_001,Điều 37 khoản 2 điểm c,VERIFIED_RULE,
PR_JOB_015,POL_JOB_004,TRAINING_OTHER,AND,bhtn_months_last_36,GTE,9,True,Đã đóng BHTN từ đủ 9 tháng trong 36 tháng,Cần số tháng đóng BHTN trong 36 tháng,SRC_JOB_LAW_001,Điều 37 khoản 2 điểm d,VERIFIED_RULE,
PR_JOB_016,POL_JOB_004,BENEFIT_PARAMETER,OUTPUT,training_support_max_months,SET,6,False,Thời gian hỗ trợ tối đa 6 tháng,,SRC_JOB_LAW_001,Điều 37 khoản 3,VERIFIED_RULE,Không dùng làm điều kiện eligibility
PR_JOB_017,POL_JOB_004,BENEFIT_PARAMETER,OUTPUT,tuition_short_course_max_vnd,SET,4500000,False,"Khóa dưới 3 tháng: học phí tối đa 4,5 triệu/người/khóa",,SRC_JOB_DEC_001,Điều 11 khoản 1 điểm a,VERIFIED_RULE,
PR_JOB_018,POL_JOB_004,BENEFIT_PARAMETER,OUTPUT,tuition_long_course_max_vnd_per_month,SET,1500000,False,"Khóa từ đủ 3 tháng: tối đa 1,5 triệu/người/tháng",,SRC_JOB_DEC_001,Điều 11 khoản 1 điểm b,VERIFIED_RULE,
PR_JOB_019,POL_JOB_004,BENEFIT_PARAMETER,OUTPUT,meal_support_vnd_per_study_day,SET,50000,False,Hỗ trợ tiền ăn 50.000đ/ngày thực học,,SRC_JOB_DEC_001,Điều 11 khoản 2,VERIFIED_RULE,
PR_HOUSE_001,POL_HOUSE_001,TARGET_GROUP,AND,applicant_group,EQ,ARTICLE76_6_WORKER,True,Bạn thuộc nhóm công nhân/người lao động tại khoản 6 Điều 76,Cần xác định nhóm đối tượng NOXH,SRC_HOUSE_LAW_001,Điều 76 khoản 6,VERIFIED_RULE,Áp dụng đúng scope worker MVP
PR_HOUSE_002,POL_HOUSE_001,HOUSING_NO_HOME,AND,owns_house_in_project_province,EQ,false,True,Bạn và vợ/chồng (nếu có) chưa có nhà thuộc sở hữu tại tỉnh/thành nơi dự án NOXH,,SRC_HOUSE_VBHN_001,Điều 29 khoản 1,VERIFIED_RULE,HOUSING_NO_HOME OR HOUSING_SMALL_HOME
PR_HOUSE_003,POL_HOUSE_001,HOUSING_SMALL_HOME,AND,avg_owned_floor_area_m2_per_person,LT,15,True,Nhà đang sở hữu có diện tích bình quân dưới 15m²/người,Cần diện tích nhà và số người được tính,SRC_HOUSE_VBHN_001,Điều 29 khoản 2,VERIFIED_RULE,HOUSING_NO_HOME OR HOUSING_SMALL_HOME
PR_HOUSE_004,POL_HOUSE_001,INCOME_SINGLE,AND,marital_income_case,EQ,SINGLE,True,Bạn thuộc trường hợp độc thân,,SRC_HOUSE_VBHN_001,Điều 30 khoản 1 điểm a,VERIFIED_RULE,INCOME_SINGLE OR SINGLE_PARENT OR MARRIED
PR_HOUSE_005,POL_HOUSE_001,INCOME_SINGLE,AND,avg_monthly_actual_income_12m_vnd,LTE,25000000,True,Thu nhập bình quân thực nhận không quá 25 triệu/tháng,Cần xác nhận thu nhập 12 tháng liền kề,SRC_HOUSE_VBHN_001,"Điều 30 khoản 1 điểm a, điểm c",VERIFIED_RULE,
PR_HOUSE_006,POL_HOUSE_001,INCOME_SINGLE_PARENT,AND,marital_income_case,EQ,SINGLE_PARENT_MINOR,True,Bạn độc thân và đang nuôi con chưa thành niên,,SRC_HOUSE_VBHN_001,Điều 30 khoản 1 điểm a,VERIFIED_RULE,
PR_HOUSE_007,POL_HOUSE_001,INCOME_SINGLE_PARENT,AND,avg_monthly_actual_income_12m_vnd,LTE,35000000,True,Thu nhập bình quân thực nhận không quá 35 triệu/tháng,Cần xác nhận thu nhập 12 tháng liền kề,SRC_HOUSE_VBHN_001,"Điều 30 khoản 1 điểm a, điểm c",VERIFIED_RULE,
PR_HOUSE_008,POL_HOUSE_001,INCOME_MARRIED,AND,marital_income_case,EQ,MARRIED,True,Bạn đã kết hôn,,SRC_HOUSE_VBHN_001,Điều 30 khoản 1 điểm b,VERIFIED_RULE,
PR_HOUSE_009,POL_HOUSE_001,INCOME_MARRIED,AND,couple_total_avg_monthly_actual_income_12m_vnd,LTE,50000000,True,Tổng thu nhập bình quân thực nhận hai vợ chồng không quá 50 triệu/tháng,Cần xác nhận tổng thu nhập 12 tháng liền kề,SRC_HOUSE_VBHN_001,"Điều 30 khoản 1 điểm b, điểm c",VERIFIED_RULE,
PR_HOUSE_010,POL_HOUSE_002,RENT_SCOPE,AND,housing_intent,EQ,RENT,True,Bạn có nhu cầu thuê NOXH,Cần xác định mua hay thuê,SRC_HOUSE_LAW_001,Điều 78 khoản 2,VERIFIED_RULE,Thuê NOXH của các nhóm luật định không yêu cầu điều kiện nhà ở và thu nhập theo khoản 1
PR_HOUSE_011,POL_HOUSE_002,RENT_SCOPE,OUTPUT,housing_income_proof_required,SET,false,False,Không áp dụng điều kiện nhà ở và thu nhập như mua/thuê mua,,SRC_HOUSE_LAW_001,Điều 78 khoản 2,VERIFIED_RULE,Vẫn phải thuộc đối tượng được thuê
PR_CHILD_001,POL_CHILD_001,MATERNITY_FEMALE_BASE,AND,user_gender,EQ,FEMALE,True,Bạn là lao động nữ,,SRC_CHILD_LAW_001,Điều 50 khoản 1 điểm b,VERIFIED_RULE,
PR_CHILD_002,POL_CHILD_001,MATERNITY_FEMALE_BASE,AND,gave_birth,EQ,true,True,Bạn thuộc trường hợp lao động nữ sinh con,,SRC_CHILD_LAW_001,Điều 50 khoản 1 điểm b,VERIFIED_RULE,
PR_CHILD_003,POL_CHILD_001,MATERNITY_FEMALE_NORMAL,AND,compulsory_bhxh_months_last_12,GTE,6,True,Đóng BHXH bắt buộc từ đủ 6 tháng trong 12 tháng liền kề trước sinh,Cần số tháng đóng BHXH bắt buộc trong 12 tháng trước sinh,SRC_CHILD_LAW_001,Điều 50 khoản 2,VERIFIED_RULE,Nhánh thông thường; OR các nhánh đặc biệt
PR_CHILD_004,POL_CHILD_001,MATERNITY_FEMALE_MEDICAL_REST,AND,total_compulsory_bhxh_months_before_birth,GTE,12,True,Đã có tổng thời gian đóng BHXH bắt buộc từ đủ 12 tháng,,SRC_CHILD_LAW_001,Điều 50 khoản 3,VERIFIED_RULE,Nhánh đặc biệt
PR_CHILD_005,POL_CHILD_001,MATERNITY_FEMALE_MEDICAL_REST,AND,medical_rest_during_pregnancy,EQ,true,True,Phải nghỉ dưỡng thai theo chỉ định y tế,,SRC_CHILD_LAW_001,Điều 50 khoản 3,VERIFIED_RULE,
PR_CHILD_006,POL_CHILD_001,MATERNITY_FEMALE_MEDICAL_REST,AND,compulsory_bhxh_months_last_12,GTE,3,True,Đóng BHXH bắt buộc từ đủ 3 tháng trong 12 tháng trước sinh,,SRC_CHILD_LAW_001,Điều 50 khoản 3,VERIFIED_RULE,
PR_CHILD_007,POL_CHILD_001,MATERNITY_FEMALE_INFERTILITY,AND,infertility_treatment_before_birth,EQ,true,True,Sinh con sau điều trị vô sinh,,SRC_CHILD_LAW_001,Điều 50 khoản 5,VERIFIED_RULE,
PR_CHILD_008,POL_CHILD_001,MATERNITY_FEMALE_INFERTILITY,AND,compulsory_bhxh_months_last_24,GTE,6,True,Đóng BHXH bắt buộc từ đủ 6 tháng trong 24 tháng trước sinh,,SRC_CHILD_LAW_001,Điều 50 khoản 5,VERIFIED_RULE,
PR_CHILD_009,POL_CHILD_002,MATERNITY_MALE,AND,user_gender,EQ,MALE,True,Bạn là lao động nam,,SRC_CHILD_LAW_001,Điều 50 khoản 1 điểm g,VERIFIED_RULE,
PR_CHILD_010,POL_CHILD_002,MATERNITY_MALE,AND,wife_gave_birth,EQ,true,True,Vợ bạn sinh con,,SRC_CHILD_LAW_001,Điều 50 khoản 1 điểm g,VERIFIED_RULE,
PR_CHILD_011,POL_CHILD_002,MATERNITY_MALE,AND,mandatory_bhxh_current,EQ,true,True,Bạn đang tham gia BHXH bắt buộc,Cần xác định trạng thái BHXH bắt buộc hiện tại,SRC_CHILD_LAW_001,Điều 50 khoản 1 điểm g,VERIFIED_RULE,Không áp dụng ngưỡng 6 tháng/12 tháng cho quyền nghỉ của lao động nam theo điểm g
PR_CHILD_012,POL_CHILD_003,NEWBORN_LINKED,AND,child_age_years,LT,6,True,Trẻ dưới 6 tuổi,,SRC_CHILD_PROC_003,TTHC liên thông 2.002621,VERIFIED_OFFICIAL,
PR_CHILD_013,POL_CHILD_004,PRESCHOOL_BASE,AND,child_attends_nonpublic_preschool,EQ,true,True,Trẻ đang học tại cơ sở mầm non dân lập/tư thục,Cần biết loại hình cơ sở mầm non,SRC_CHILD_DEC_001,Điều 8 khoản 1,VERIFIED_RULE,
PR_CHILD_014,POL_CHILD_004,PRESCHOOL_BASE,AND,preschool_is_licensed,EQ,true,True,Cơ sở được cấp phép thành lập và hoạt động,Cần xác minh cơ sở đủ điều kiện,SRC_CHILD_DEC_001,Điều 8 khoản 1,VERIFIED_RULE,
PR_CHILD_015,POL_CHILD_004,PRESCHOOL_BASE,AND,parent_or_caregiver_is_worker,EQ,true,True,"Cha/mẹ/người chăm sóc là công nhân, người lao động",Cần xác định bối cảnh việc làm của cha/mẹ/người chăm sóc,SRC_CHILD_DEC_001,Điều 8 khoản 1,VERIFIED_RULE,
PR_CHILD_016,POL_CHILD_004,PRESCHOOL_BASE,AND,parent_has_labor_contract,EQ,true,True,Người lao động có hợp đồng lao động theo quy định,Cần xác định hợp đồng lao động,SRC_CHILD_DEC_001,Điều 8 khoản 1,VERIFIED_RULE,
PR_CHILD_017,POL_CHILD_004,PRESCHOOL_LOCATION,OR,parent_workplace_scope,IN,INDUSTRIAL_PARK|HIGH_LABOR_DENSITY_AREA,True,Nơi làm việc thuộc KCN hoặc địa bàn có nhiều lao động,Cần nơi làm việc của cha/mẹ/người chăm sóc,SRC_CHILD_DEC_002,Điều 81 khoản 3; dẫn chiếu Điều 8 NĐ105/2020,VERIFIED_RULE,NĐ145 mở rộng chính sách cho nơi có nhiều lao động
PR_CHILD_018,POL_CHILD_004,BENEFIT_PARAMETER,OUTPUT,support_vnd_per_child_month,SET,200000,False,Mức hỗ trợ Đà Nẵng 200.000đ/trẻ/tháng,,SRC_CHILD_DN_001,Nghị quyết 43/2026/NQ-HĐND,VERIFIED_OFFICIAL,Cần archive PDF NQ43 để nâng mức xác minh
PR_CHILD_019,POL_CHILD_004,BENEFIT_PARAMETER,OUTPUT,support_max_months_per_school_year,SET,9,False,Tối đa 9 tháng/năm học,,SRC_CHILD_DN_001,Nghị quyết 43/2026/NQ-HĐND,VERIFIED_OFFICIAL,Theo số tháng học thực tế
PR_GEN_001,POL_GEN_001,HUMAN_FALLBACK,AND,need_human_help,EQ,true,False,Bạn muốn được người thật hỗ trợ,,SRC_GEN_004,,VERIFIED_STRUCTURE,
PR_GEN_002,POL_GEN_001,HUMAN_FALLBACK,OR,digital_literacy_low,EQ,true,False,Bạn cần hỗ trợ thao tác số,,SRC_GEN_005,,VERIFIED_STRUCTURE,
PR_JOB_009A,POL_JOB_001,TCTN_BASE,AND,currently_contributing_bhtn_at_termination,EQ,true,True,Bạn thuộc nhóm đang đóng BHTN khi chấm dứt việc làm,Cần xác định trạng thái tham gia BHTN tại thời điểm chấm dứt,SRC_JOB_LAW_001,Điều 38 khoản 1; dẫn chiếu khoản 1 Điều 31,VERIFIED_RULE,Điều kiện phạm vi trước các điểm a-d
PR_JOB_010A,POL_JOB_003,JOB_COUNSEL,AND,currently_contributing_bhtn_at_termination,EQ,true,True,Bạn thuộc nhóm đang đóng BHTN trước khi chấm dứt việc làm,Cần xác định trạng thái BHTN khi chấm dứt,SRC_JOB_LAW_001,Điều 36 khoản 1,VERIFIED_RULE,Áp dụng cho quyền tư vấn/giới thiệu việc làm thuộc chế độ BHTN
PR_JOB_010B,POL_JOB_003,JOB_COUNSEL,AND,employment_ended,EQ,true,True,Bạn đã chấm dứt hợp đồng/việc làm theo phạm vi Điều 36,Cần xác định việc làm đã chấm dứt,SRC_JOB_LAW_001,Điều 36 khoản 1,VERIFIED_RULE,
