service_id,service_name,service_type,journey,supported_intents,provider,location,online_url,procedure_code,address,phone,status,source_id,last_verified,processing_time,fee,submission_channels,result_or_action,freshness_rule
JOB_SV_001,Hưởng trợ cấp thất nghiệp,PROCEDURE,JOB_LOSS,CHECK_ELIGIBILITY|APPLY_BENEFIT,Tổ chức dịch vụ việc làm công,Việt Nam,https://dichvucong.gov.vn/p/home/dvc-chi-tiet-thu-tuc-dung-chung.html?ma_thu_tuc=1.014748,1.014748,,,ACTIVE,SRC_JOB_PROC_001,2026-10-04,15 ngày làm việc,0 đồng,Trực tiếp|Trực tuyến|Bưu chính,Quyết định hưởng TCTN hoặc thông báo không đủ điều kiện,WEEKLY_VERIFY
JOB_SV_002,Thông báo hằng tháng về việc tìm kiếm việc làm,PROCEDURE,JOB_LOSS,MONTHLY_JOB_REPORT,Trung tâm DVVL,Việt Nam,https://vpcp.dichvucong.gov.vn/p/home/dvc-chi-tiet-thu-tuc-hanh-chinh.html?ma_thu_tuc=1.014749,1.014749,,,ACTIVE,SRC_JOB_PROC_002,2026-10-04,Không quy định,0 đồng,Trực tiếp|Trực tuyến,Tiếp tục theo dõi hưởng TCTN,WEEKLY_VERIFY
JOB_SV_003,Tạm dừng hưởng trợ cấp thất nghiệp,PROCEDURE,JOB_LOSS,BENEFIT_STATUS,Trung tâm DVVL,Việt Nam,https://dichvucong.gov.vn/,1.014750,,,ACTIVE,SRC_JOB_PROC_003,2026-10-04,02 ngày làm việc,0 đồng,Trực tiếp|Trực tuyến|Bưu chính,Quyết định tạm dừng hưởng TCTN,WEEKLY_VERIFY
JOB_SV_004,Tiếp tục hưởng trợ cấp thất nghiệp,PROCEDURE,JOB_LOSS,BENEFIT_STATUS,Trung tâm DVVL,Việt Nam,https://vpcp.dichvucong.gov.vn/p/home/dvc-tthc-thu-tuc-hanh-chinh-chi-tiet.html?ma_thu_tuc=425016&open_popup=1,1.014751,,,ACTIVE,SRC_JOB_PROC_004,2026-10-04,02 ngày làm việc,0 đồng,Trực tiếp|Trực tuyến|Bưu chính,Quyết định tiếp tục hưởng TCTN,WEEKLY_VERIFY
JOB_SV_005,Chuyển nơi hưởng trợ cấp thất nghiệp,PROCEDURE,JOB_LOSS,MOVE_BENEFIT,Trung tâm DVVL,Việt Nam,https://dichvucong.gov.vn/p/home/dvc-chi-tiet-thu-tuc-hanh-chinh.html?ma_thu_tuc=1.014753,1.014753,,,ACTIVE,SRC_JOB_PROC_005,2026-10-04,03 ngày làm việc,0 đồng,Trực tiếp|Trực tuyến|Bưu chính,Giấy giới thiệu chuyển nơi hưởng + thông báo BHXH,WEEKLY_VERIFY
JOB_SV_006,Trung tâm Dịch vụ việc làm TP Đà Nẵng,PHYSICAL_DIGITAL_SUPPORT,JOB_LOSS,UNEMPLOYMENT_SUPPORT|FIND_JOB|CAREER_ADVICE,Sở Nội vụ TP Đà Nẵng,"Liên Chiểu, Đà Nẵng",https://cttdt.danangportal.gov.vn/vi/web/dng/w/so-xay-dung,,"278 Âu Cơ, phường Liên Chiểu, Đà Nẵng",0236 3740260,ACTIVE,SRC_JOB_DN_001,2026-10-04,Theo dịch vụ cụ thể,,Trực tiếp|Điện thoại|Kênh số,Tư vấn BHTN/việc làm/hướng nghiệp,MONTHLY_VERIFY
JOB_SV_007,Sàn giao dịch việc làm quốc gia,DIGITAL_SERVICE,JOB_LOSS,FIND_JOB,Bộ Nội vụ,Việt Nam,https://vieclam.gov.vn/,,,,ACTIVE,SRC_JOB_NAT_001,2026-10-04,Theo nền tảng,,Trực tuyến,Kết nối việc làm,WEEKLY_VERIFY
JOB_SV_008,Phiên giao dịch việc làm Đà Nẵng,EMPLOYMENT_SERVICE,JOB_LOSS,FIND_JOB,Trung tâm DVVL Đà Nẵng,Đà Nẵng,https://cttdt.danangportal.gov.vn/vi/web/dng/w/thong-bao-phien-giao-dich-viec-lam-hang-tuan-cua-trung-tam-dich-vu-viec-lam-da-nang-p,,"278 Âu Cơ, phường Liên Chiểu, Đà Nẵng",,ACTIVE_DYNAMIC,SRC_JOB_DN_002,2026-10-04,Theo lịch phiên,,Trực tiếp,Gặp nhà tuyển dụng/tư vấn việc làm,DAILY_OR_EVENT_VERIFY
JOB_SV_009,"Hỗ trợ tư vấn, giới thiệu việc làm",PROCEDURE_SERVICE,JOB_LOSS,CAREER_ADVICE|FIND_JOB,Tổ chức dịch vụ việc làm công,Việt Nam,https://dichvucong.gov.vn/,1.014746,,,ACTIVE,SRC_JOB_PROC_006,2026-10-04,03 ngày làm việc,Không quy định,Trực tiếp|Trực tuyến|Bưu chính,Tư vấn/giới thiệu việc làm,WEEKLY_VERIFY
JOB_SV_010,"Hỗ trợ tham gia đào tạo, nâng cao trình độ kỹ năng nghề",PROCEDURE,JOB_LOSS,TRAINING_SUPPORT,Tổ chức dịch vụ việc làm công,Việt Nam,https://dichvucong.gov.vn/,1.014747,,,ACTIVE,SRC_JOB_PROC_007,2026-10-04,15 ngày làm việc,Không quy định,Trực tiếp|Trực tuyến|Bưu chính,Quyết định hỗ trợ đào tạo hoặc thông báo không đủ điều kiện,WEEKLY_VERIFY
HOUSE_SV_001,Tra cứu thông tin/đợt NOXH Đà Nẵng,INFORMATION,HOUSING_DIFFICULTY,FIND_OPEN_PROJECT,Sở Xây dựng TP Đà Nẵng,Đà Nẵng,https://danang.gov.vn/,,,,ACTIVE,SRC_HOUSE_DN_001,2026-10-04,Theo từng thông báo,,Trực tuyến|Tra cứu,Danh sách/đợt NOXH đang hoặc sắp mở,DAILY_VERIFY
HOUSE_SV_002,Đăng ký mua NOXH theo đợt,PROCEDURE_OPPORTUNITY,HOUSING_DIFFICULTY,BUY_SOCIAL_HOUSING,Cơ quan/chủ đầu tư theo thông báo chính thức,Đà Nẵng,,,,,DYNAMIC,SRC_HOUSE_OPP_001,2026-10-04,Theo từng đợt dự án,,Trực tiếp|Trực tuyến|Bưu chính|Qua cơ quan/doanh nghiệp,Hồ sơ đăng ký mua NOXH,DAILY_VERIFY
CHILD_SV_001,Giải quyết chế độ thai sản đối với lao động nữ sinh con,PROCEDURE,HAS_CHILD,MATERNITY,BHXH Việt Nam,Việt Nam,https://thutuc.dichvucong.gov.vn/p/home/dvc-tthc-thu-tuc-hanh-chinh-chi-tiet.html?ma_thu_tuc=410614,1.014166,,,ACTIVE,SRC_CHILD_PROC_001,2026-10-04,07 ngày làm việc từ NSDLĐ; 05 ngày trong trường hợp nhận trực tiếp từ NLĐ theo TTHC,,Trực tiếp|Trực tuyến|Bưu chính,Giải quyết chế độ thai sản,WEEKLY_VERIFY
CHILD_SV_002,Giải quyết chế độ thai sản đối với lao động nam khi vợ sinh con,PROCEDURE,HAS_CHILD,MATERNITY,BHXH Việt Nam,Việt Nam,https://dichvucong.gov.vn/p/home/dvc-tthc-thu-tuc-hanh-chinh-chi-tiet.html?ma_thu_tuc=410633&open_popup=1,1.014168,,,ACTIVE,SRC_CHILD_PROC_002,2026-10-04,07 ngày làm việc từ NSDLĐ,,Trực tiếp|Trực tuyến|Bưu chính,Giải quyết chế độ thai sản,WEEKLY_VERIFY
CHILD_SV_003,Liên thông khai sinh - thường trú - BHYT trẻ dưới 6 tuổi,LINKED_PROCEDURE,HAS_CHILD,NEWBORN_ADMIN,Cơ quan hộ tịch/Công an/BHXH,Việt Nam,https://dichvucong.gov.vn/p/home/dvc-chi-tiet-thu-tuc-nganh-doc.html?ma_thu_tuc=2.002621,2.002621,,,ACTIVE,SRC_CHILD_PROC_003,2026-10-04,03 ngày làm việc; tối đa 05 ngày nếu phải xác minh,Theo quy định địa phương,Trực tuyến,Khai sinh + thường trú + BHYT trẻ dưới 6 tuổi,WEEKLY_VERIFY
CHILD_SV_004,Hỗ trợ mầm non cho con công nhân/người lao động,SUPPORT_PROGRAM,HAS_CHILD,PRESCHOOL_SUPPORT,UBND/Sở GD&ĐT Đà Nẵng,Đà Nẵng,https://cttdt.danangportal.gov.vn/en/web/dng/w/trien-khai-chinh-sach-phat-trien-giao-duc-mam-non-o-khu-cong-nghiep,,,,ACTIVE,SRC_CHILD_DN_002,2026-10-04,Theo quy trình năm học,,Qua cơ sở mầm non/UBND xã phường theo hướng dẫn,Xét hỗ trợ mầm non,SCHOOL_YEAR_VERIFY
GEN_SV_001,Cổng Thông tin An sinh xã hội,INFORMATION,ALL,DISCOVER_POLICY,Bộ Nội vụ,Việt Nam,https://asxh.moha.gov.vn/web/home/,,,,ACTIVE,SRC_GEN_001,2026-10-04,Theo nguồn,,Trực tuyến,Tra cứu chính sách,MONTHLY_VERIFY
GEN_SV_002,MyPortal Đà Nẵng,DIGITAL_SERVICE,ALL,LOCAL_PUBLIC_SERVICE,UBND TP Đà Nẵng,Đà Nẵng,https://myportal.danang.gov.vn/,,,,ACTIVE,SRC_GEN_002,2026-10-04,Theo nguồn,,Trực tuyến,DVC/tiện ích địa phương,MONTHLY_VERIFY
GEN_SV_003,Tổng đài 1022 Đà Nẵng,HUMAN_DIGITAL_SUPPORT,ALL,UNKNOWN_DESTINATION|PROCEDURE_GUIDANCE,TP Đà Nẵng,Đà Nẵng,https://1022.vn/,,,*1022 / (0236) 1022,ACTIVE,SRC_GEN_003,2026-10-04,24/7 theo kênh hỗ trợ,,Điện thoại|Zalo/kênh số,Hướng dẫn/chuyển tuyến,MONTHLY_VERIFY
GEN_SV_004,Điểm dừng chân công nhân Liên Chiểu,PHYSICAL_SUPPORT,ALL,NEED_HUMAN_HELP|LABOR_RIGHTS|INSURANCE|EMPLOYMENT,Công đoàn phường Liên Chiểu,"Liên Chiểu, Đà Nẵng",https://congdoandanang.org.vn/,,,,ACTIVE,SRC_GEN_004,2026-10-04,Theo hoạt động điểm hỗ trợ,,Trực tiếp|QR,Hỗ trợ pháp luật/BHXH/BHYT/việc làm,MONTHLY_VERIFY
GEN_SV_005,Tổ công nhân tự quản khu nhà trọ,COMMUNITY_SUPPORT,ALL,LOW_DIGITAL_SKILL|LOCAL_REFERRAL,Công đoàn phường Liên Chiểu,"Liên Chiểu, Đà Nẵng",https://site.congdoandanang.org.vn/,,,,ACTIVE,SRC_GEN_005,2026-10-04,Theo hoạt động tổ,,Trực tiếp,Hỗ trợ cộng đồng/chuyển tuyến,MONTHLY_VERIFY
HOUSE_SV_003,Đăng ký thuê nhà ở xã hội theo đợt,PROCEDURE_OPPORTUNITY,HOUSING_DIFFICULTY,RENT_SOCIAL_HOUSING,Sở Xây dựng/đơn vị tiếp nhận theo thông báo,Đà Nẵng,,,,,DYNAMIC,SRC_HOUSE_DN_RULE_002,2026-10-04,Theo từng đợt,Theo thông báo,Trực tiếp|Trực tuyến|Bưu chính tùy đợt,Hồ sơ đăng ký thuê NOXH,DAILY_VERIFY
