rule_id,event,intent,condition,service_id,priority,status
SR001,JOB_LOSS,APPLY_BENEFIT,policy_match=POL_JOB_001,JOB_SV_001,100,ACTIVE
SR002,JOB_LOSS,MONTHLY_JOB_REPORT,is_receiving_unemployment=true,JOB_SV_002,100,ACTIVE
SR003,JOB_LOSS,BENEFIT_STATUS,needs_pause=true,JOB_SV_003,100,ACTIVE
SR004,JOB_LOSS,BENEFIT_STATUS,needs_resume=true,JOB_SV_004,100,ACTIVE
SR005,JOB_LOSS,MOVE_BENEFIT,is_receiving_unemployment=true AND received_months>=1,JOB_SV_005,100,ACTIVE
SR006,JOB_LOSS,CAREER_ADVICE,wants_job=true,JOB_SV_009,100,ACTIVE
SR007,JOB_LOSS,FIND_JOB,location=LIEN_CHIEU,JOB_SV_006,95,ACTIVE
SR008,JOB_LOSS,FIND_JOB,prefers_online=true,JOB_SV_007,85,ACTIVE
SR009,JOB_LOSS,FIND_JOB,prefers_offline=true,JOB_SV_008,90,ACTIVE
SR010,JOB_LOSS,TRAINING_SUPPORT,policy_match=POL_JOB_004,JOB_SV_010,100,ACTIVE
SR011,HOUSING_DIFFICULTY,FIND_OPEN_PROJECT,location=DA_NANG,HOUSE_SV_001,100,ACTIVE
SR012,HOUSING_DIFFICULTY,BUY_SOCIAL_HOUSING,housing_intent=BUY,HOUSE_SV_002,100,ACTIVE
SR013,HAS_CHILD,MATERNITY,policy_match=POL_CHILD_001,CHILD_SV_001,100,ACTIVE
SR014,HAS_CHILD,MATERNITY,policy_match=POL_CHILD_002,CHILD_SV_002,100,ACTIVE
SR015,HAS_CHILD,NEWBORN_ADMIN,child_age_years<6,CHILD_SV_003,100,ACTIVE
SR016,HAS_CHILD,PRESCHOOL_SUPPORT,policy_match=POL_CHILD_004,CHILD_SV_004,100,ACTIVE
SR017,ALL,UNKNOWN_SERVICE,location=DA_NANG,GEN_SV_003,100,ACTIVE
SR018,ALL,NEED_HUMAN_HELP,location=LIEN_CHIEU,GEN_SV_004,100,ACTIVE
SR019,ALL,LOW_DIGITAL_SKILL,location=LIEN_CHIEU,GEN_SV_005,100,ACTIVE
SR020,HOUSING_DIFFICULTY,RENT_SOCIAL_HOUSING,housing_intent=RENT AND matching_opportunity_status=OPEN,HOUSE_SV_003,100,ACTIVE
SR021,HOUSING_DIFFICULTY,RENT_SOCIAL_HOUSING,housing_intent=RENT AND no_matching_open_opportunity=true,HOUSE_SV_001,90,ACTIVE
SR022,HOUSING_DIFFICULTY,WORKER_LODGING,housing_intent=WORKER_LODGING,HOUSE_SV_001,90,ACTIVE
SR023,HOUSING_DIFFICULTY,WORKER_LODGING,housing_intent=WORKER_LODGING AND need_human_help=true,GEN_SV_004,80,ACTIVE
