map_id,policy_id,service_id,intent,priority,notes
PSM001,POL_JOB_001,JOB_SV_001,APPLY_BENEFIT,100,Thủ tục hưởng TCTN
PSM002,POL_JOB_002,JOB_SV_002,MONTHLY_JOB_REPORT,100,Thông báo tìm kiếm việc làm hằng tháng
PSM003,POL_JOB_002,JOB_SV_003,BENEFIT_STATUS,90,Tạm dừng
PSM004,POL_JOB_002,JOB_SV_004,BENEFIT_STATUS,90,Tiếp tục
PSM005,POL_JOB_002,JOB_SV_005,MOVE_BENEFIT,90,Chuyển nơi hưởng
PSM006,POL_JOB_003,JOB_SV_009,CAREER_ADVICE,100,TTHC 1.014746
PSM007,POL_JOB_003,JOB_SV_006,FIND_JOB,95,"TTDVVL Đà Nẵng, ưu tiên địa phương Liên Chiểu"
PSM008,POL_JOB_003,JOB_SV_007,FIND_JOB,80,Kênh quốc gia
PSM009,POL_JOB_003,JOB_SV_008,FIND_JOB,90,Phiên giao dịch việc làm định kỳ
PSM010,POL_JOB_004,JOB_SV_010,TRAINING_SUPPORT,100,TTHC 1.014747
PSM011,POL_HOUSE_001,HOUSE_SV_001,FIND_OPEN_PROJECT,90,Tra cứu đợt chính thức
PSM012,POL_HOUSE_001,HOUSE_SV_002,BUY_SOCIAL_HOUSING,100,Đợt mua cụ thể
PSM013,POL_HOUSE_002,HOUSE_SV_001,FIND_RENTAL_OPENING,90,Thuê không dùng rule thu nhập/nhà ở như mua
PSM014,POL_CHILD_001,CHILD_SV_001,MATERNITY,100,
PSM015,POL_CHILD_002,CHILD_SV_002,MATERNITY,100,
PSM016,POL_CHILD_003,CHILD_SV_003,NEWBORN_ADMIN,100,
PSM017,POL_CHILD_004,CHILD_SV_004,PRESCHOOL_SUPPORT,100,
PSM018,POL_GEN_001,GEN_SV_003,UNKNOWN_DESTINATION,85,Fallback 1022
PSM019,POL_GEN_001,GEN_SV_004,NEED_HUMAN_HELP,100,
PSM020,POL_GEN_001,GEN_SV_005,LOW_DIGITAL_SKILL,100,
PSM021,POL_HOUSE_002,HOUSE_SV_003,RENT_SOCIAL_HOUSING,100,Chỉ kích hoạt khi có opportunity phù hợp đang OPEN
PSM022,POL_HOUSE_003,HOUSE_SV_001,WORKER_LODGING,90,Tra cứu chương trình/đợt nhà lưu trú công nhân
PSM023,POL_HOUSE_003,GEN_SV_004,NEED_HUMAN_HELP,75,Human fallback tại Liên Chiểu
